id,email,gender,password,role
1,oainger0@craigslist.org,Female,KcAk6Mrg7DRM,Construction Worker
2,hblything1@de.vu,Female,QLXkU4wnRVbh,Engineer
3,sivermee2@vkontakte.ru,Male,cQQ0flW,Architect
4,agreenan3@barnesandnoble.com,Female,fk3GyIGQm,Electrician
5,sthirst4@blog.com,Male,rRbsjJGFMq57,Construction Foreman
6,loak5@nifty.com,Female,46sy8hp1eJ,Estimator
7,ebroadey6@guardian.co.uk,Male,YkEXnE,Subcontractor
8,dtoupe7@surveymonkey.com,Female,QvhyaX,Engineer
9,jborsnall8@mediafire.com,Male,rFEoyMIhq3mF,Surveyor
10,cbogace9@jigsy.com,Male,nePyrtWqBf,Construction Worker
11,ibradnecka@clickbank.net,Female,LSXxJK,Estimator
12,dwoodrooffeb@purevolume.com,Female,IdyhrRQZ718W,Supervisor
13,amooresc@wikispaces.com,Female,RDrCEPDuJ,Engineer
14,kknightd@deliciousdays.com,Male,zKKphzIdn,Engineer
15,bharrisse@delicious.com,Male,RSWYsH240nj,Construction Foreman
16,jdruryf@unc.edu,Male,djBYiXGePym,Architect
17,drevang@yellowpages.com,Male,pU0vIZ5HeZa,Construction Manager
18,cbaldockh@typepad.com,Male,wf8GZ2zHkK,Construction Foreman
19,hdobrowskii@usnews.com,Male,ylquO3oCuD,Electrician
20,lwalewskij@domainmarket.com,Genderfluid,PoSJTqDJkJu,Surveyor
21,ovanyatink@hugedomains.com,Female,HWg7m2l3p,Construction Worker
22,emacbethl@tripod.com,Female,DW1WhUg416,Subcontractor
23,isiemonm@washingtonpost.com,Male,RcN8UVPG,Electrician
24,rforgann@linkedin.com,Male,qanYYdN,Construction Expeditor
25,vaggiso@usgs.gov,Male,101IqYhQEu,Architect
26,mstowtep@ezinearticles.com,Female,wzrJ5FOS,Supervisor
27,bgrieveq@ycombinator.com,Female,Wl7DxU,Electrician
28,mcluneyr@instagram.com,Female,XfqCxSx,Electrician
29,scamplings@people.com.cn,Male,HPA7rBeO5z4z,Subcontractor
30,sflavellet@msn.com,Female,XcqMCe8l08,Estimator
31,rtrassu@wiley.com,Male,cjpwrYt,Engineer
32,eogelbev@youtu.be,Female,quXBIavRSi,Project Manager
33,vwhittenburyw@weather.com,Female,2TkaD2B,Engineer
34,jcoakleyx@booking.com,Female,8npHDaZeC,Construction Manager
35,cdysarty@gov.uk,Female,vcYRsxv0,Project Manager
36,kyeelesz@ted.com,Male,mfCgAgQSQ,Engineer
37,gdallinder10@wikipedia.org,Male,dlC0FP6ye,Subcontractor
38,jchaim11@tmall.com,Male,s2o6Wn889U,Architect
39,mczapla12@mysql.com,Male,CMzhg3mf,Estimator
40,jmiddle13@sohu.com,Male,uYomHw1T,Construction Manager
41,mjodrelle14@reddit.com,Genderqueer,TjvO7Lu,Electrician
42,nvanetti15@hubpages.com,Female,JCndXgKlpOVz,Construction Foreman
43,porbell16@mit.edu,Female,D8iv4d7u,Engineer
44,ggabbatiss17@sun.com,Female,VLahPUeY,Electrician
45,asterricks18@cdbaby.com,Female,u9IYZr,Construction Foreman
46,skibbee19@hatena.ne.jp,Male,6hhuUZI,Construction Foreman
47,mgullick1a@google.com.br,Male,5Um7pk,Subcontractor
48,hpebworth1b@flickr.com,Male,zLY23wqE,Estimator
49,ematterface1c@hud.gov,Female,IqXMqHX1dqZI,Construction Manager
50,bmacneilage1d@photobucket.com,Female,jOn56QwXu0,Construction Manager
51,scharlo1e@columbia.edu,Male,XwOXpF2o,Estimator
52,egeelan1f@reverbnation.com,Male,eo8o49n,Construction Worker
53,tnegro1g@businessinsider.com,Female,msbmE7VYO,Construction Foreman
54,abarette1h@economist.com,Male,pJhz9oD,Construction Worker
55,gwarrier1i@alexa.com,Male,vALnpHEe5Ls,Electrician
56,lridge1j@mit.edu,Male,CxQ0xKCeusmx,Construction Manager
57,bwelldrake1k@lulu.com,Male,TUpIGkydUS5,Construction Manager
58,fmoncey1l@is.gd,Male,caxRTR,Surveyor
59,codogherty1m@cnn.com,Female,uaxexy7K,Construction Foreman
60,aflaubert1n@lycos.com,Male,BLobMX49FfOe,Construction Expeditor
61,grattery1o@unblog.fr,Bigender,R0vX8qB,Subcontractor
62,nmcelory1p@purevolume.com,Agender,0rodhPg,Architect
63,bmattiassi1q@discovery.com,Female,cgIWWaui6Eto,Electrician
64,jjenking1r@lycos.com,Female,RKQ0YcsD0Q,Estimator
65,rsartain1s@diigo.com,Male,BnVh8nIPoFz,Estimator
66,eandreas1t@bing.com,Male,02xcGrtP,Construction Worker
67,elilleman1u@nhs.uk,Male,M069bmTA,Construction Foreman
68,jbachs1v@tumblr.com,Male,0dhxcWTlqI,Project Manager
69,sslayton1w@webeden.co.uk,Genderfluid,fSoZFZ1f,Construction Foreman
70,rwilby1x@stumbleupon.com,Male,1Eis0oPLtZa,Construction Worker
71,aspreckley1y@eventbrite.com,Male,9UwgSi,Construction Foreman
72,cgorghetto1z@amazon.com,Male,9iunBFGj,Project Manager
73,ctreuge20@geocities.jp,Male,RfRfdUe,Construction Foreman
74,bsavage21@about.com,Female,OpUmD57qr3,Project Manager
75,nfrift22@bizjournals.com,Female,OuoSRXNL02q,Subcontractor
76,lbranton23@nature.com,Non-binary,tp8Nh6Q,Architect
77,dworvill24@utexas.edu,Female,wqgonO,Construction Worker
78,bbilling25@shop-pro.jp,Male,deh5cBZ,Engineer
79,tdelahaye26@statcounter.com,Female,wIsr5g,Engineer
80,jseath27@cornell.edu,Male,kq81gRLpMOKJ,Construction Expeditor
81,votoole28@friendfeed.com,Polygender,eui66Ct23z,Project Manager
82,kcortez29@hao123.com,Male,IW9jHyFWHC,Electrician
83,coldford2a@scientificamerican.com,Male,pkZ8BZ58,Surveyor
84,kdoorbar2b@si.edu,Female,0t024J,Engineer
85,dmizen2c@berkeley.edu,Female,f1KdDMMjS,Project Manager
86,waldred2d@thetimes.co.uk,Female,yVNQzjaQ,Subcontractor
87,nclulee2e@cloudflare.com,Female,RbqPLdCAgn,Architect
88,rdanielsson2f@opera.com,Male,faECcaM,Electrician
89,ehailwood2g@shareasale.com,Non-binary,onZHOEmlLc,Architect
90,aanyon2h@shareasale.com,Male,QfmF0xdT,Construction Worker
91,rvasic2i@ihg.com,Male,gTLp0Woas,Electrician
92,rzarb2j@pcworld.com,Male,C1ZmRFsrG2,Subcontractor
93,tvennart2k@google.it,Male,xYYRAKf1eFk,Subcontractor
94,nstuther2l@google.it,Female,aSpkH8,Surveyor
95,hlotterington2m@ed.gov,Female,HLur8P0,Project Manager
96,gkeys2n@netvibes.com,Female,AvGmAuf1b,Estimator
97,tspedding2o@sciencedirect.com,Female,gceCxisIrK1P,Construction Foreman
98,cborrill2p@sciencedirect.com,Male,L38dNYJaR6F,Project Manager
99,ceard2q@china.com.cn,Female,6zZaAQONzaDl,Supervisor
100,sduligall2r@washington.edu,Male,6VHZvc2E,Engineer
